{
    "type": "FeatureCollection",
    "name": "Waikato_Urban_2025-26 - Captured_Area",
    "crs": {
        "type": "name",
        "properties": {
            "name": "urn:ogc:def:crs:OGC:1.3:CRS84"
        }
    },
    "xy_coordinate_resolution": 1e-15,
    "features": [
        {
            "type": "Feature",
            "properties": {
                "index_tile": "BC33_1000_2017",
                "sheet_code": "BC33",
                "scale": 1000,
                "tile": "2017",
                "layer": "Dissolved",
                "path": "MultiPolygonM?crs=EPSG:2193&field=index_tile:string(15,0)&field=sheet_code:string(4,0)&field=scale:integer(9,0)&field=tile:string(4,0)&uid={07fdd2a4-56a6-4b07-817a-80e98fbf78cf}",
                "Area": 218.04335423659268,
                "Percentage_Coverage": 94.7,
                "Project": "PGRM",
                "Name": null,
                "description": null,
                "timestamp": null,
                "begin": null,
                "end": null,
                "altitudeMode": null,
                "tessellate": null,
                "extrude": null,
                "visibility": null,
                "drawOrder": null,
                "icon": null
            },
            "geometry": {
                "type": "MultiPolygon",
                "coordinates": [
                    [
                        [
                            [
                                174.849043947918659,
                                -37.831012592733508
                            ],
                            [
                                174.849197684490179,
                                -37.837169868566804
                            ],
                            [
                                174.843745424178479,
                                -37.837255379424327
                            ],
                            [
                                174.842817649911268,
                                -37.837269905079189
                            ],
                            [
                                174.841614615514374,
                                -37.837288729440075
                            ],
                            [
                                174.841373878643054,
                                -37.837292494869551
                            ],
                            [
                                174.840014230974191,
                                -37.837313752235438
                            ],
                            [
                                174.83829314083664,
                                -37.837340638033588
                            ],
                            [
                                174.832968642949425,
                                -37.837423654634513
                            ],
                            [
                                174.832840834532618,
                                -37.83742564439131
                            ],
                            [
                                174.832839512060588,
                                -37.837372213877821
                            ],
                            [
                                174.832680320021751,
                                -37.830939501451034
                            ],
                            [
                                174.832635038466407,
                                -37.829109366061559
                            ],
                            [
                                174.832630903689534,
                                -37.82894224334094
                            ],
                            [
                                174.832590744972066,
                                -37.827319004015777
                            ],
                            [
                                174.832546672473086,
                                -37.825537416718042
                            ],
                            [
                                174.832519857005451,
                                -37.824453350769424
                            ],
                            [
                                174.832477954692706,
                                -37.822759253762932
                            ],
                            [
                                174.832474201337448,
                                -37.822607499864546
                            ],
                            [
                                174.832466043363667,
                                -37.822277656552792
                            ],
                            [
                                174.832429737793149,
                                -37.820809683702429
                            ],
                            [
                                174.832420590773012,
                                -37.820439817874551
                            ],
                            [
                                174.832408905039699,
                                -37.81996728761289
                            ],
                            [
                                174.832399840339605,
                                -37.8196007351495
                            ],
                            [
                                174.832359445466096,
                                -37.817967192347169
                            ],
                            [
                                174.833087323650489,
                                -37.817955863603515
                            ],
                            [
                                174.834415340103334,
                                -37.817935182670432
                            ],
                            [
                                174.835079112452632,
                                -37.817924840260872
                            ],
                            [
                                174.836920051332555,
                                -37.817896136525867
                            ],
                            [
                                174.837810321703813,
                                -37.817882245190084
                            ],
                            [
                                174.837785054715766,
                                -37.816863426823367
                            ],
                            [
                                174.837776785207012,
                                -37.816529971555333
                            ],
                            [
                                174.83776054399442,
                                -37.815875053478393
                            ],
                            [
                                174.837712392211586,
                                -37.813933233813721
                            ],
                            [
                                174.837697906354379,
                                -37.813349025199152
                            ],
                            [
                                174.837696382379903,
                                -37.813287562955637
                            ],
                            [
                                174.837694776293887,
                                -37.813222788931455
                            ],
                            [
                                174.837690669174862,
                                -37.813057146401405
                            ],
                            [
                                174.837660760504605,
                                -37.811850871034693
                            ],
                            [
                                174.837649485240519,
                                -37.811396098754571
                            ],
                            [
                                174.837630334272944,
                                -37.810623647265132
                            ],
                            [
                                174.837563669663439,
                                -37.80793450887289
                            ],
                            [
                                174.83754509055376,
                                -37.807184994811479
                            ],
                            [
                                174.837488700371722,
                                -37.804909944576238
                            ],
                            [
                                174.83732796707983,
                                -37.798423782655775
                            ],
                            [
                                174.837889723047397,
                                -37.798415017640465
                            ],
                            [
                                174.840542037067138,
                                -37.798373597675457
                            ],
                            [
                                174.841894726058399,
                                -37.798352450345433
                            ],
                            [
                                174.842777391710229,
                                -37.798338642768201
                            ],
                            [
                                174.848226793357583,
                                -37.798253250983301
                            ],
                            [
                                174.848388478782141,
                                -37.804739373288427
                            ],
                            [
                                174.851681516120863,
                                -37.804687641828856
                            ],
                            [
                                174.852209423389439,
                                -37.804679340183647
                            ],
                            [
                                174.853129904213063,
                                -37.804664859430744
                            ],
                            [
                                174.853371774127879,
                                -37.804661053205152
                            ],
                            [
                                174.853838333433259,
                                -37.804653709714167
                            ],
                            [
                                174.853819044454667,
                                -37.803882302444514
                            ],
                            [
                                174.853676171954106,
                                -37.798167607304407
                            ],
                            [
                                174.859125527432042,
                                -37.798081711734774
                            ],
                            [
                                174.863813676539365,
                                -37.798007612834681
                            ],
                            [
                                174.86434042096397,
                                -37.797999275668154
                            ],
                            [
                                174.864574859723518,
                                -37.797995564277706
                            ],
                            [
                                174.864565664493625,
                                -37.797629862131238
                            ],
                            [
                                174.864411798480944,
                                -37.791509494075441
                            ],
                            [
                                174.864381631965671,
                                -37.79030933474067
                            ],
                            [
                                174.864380978397548,
                                -37.790283332078019
                            ],
                            [
                                174.864379970596673,
                                -37.790243235949795
                            ],
                            [
                                174.864372148321337,
                                -37.78993201804218
                            ],
                            [
                                174.864348151458927,
                                -37.788977246227169
                            ],
                            [
                                174.864333060179462,
                                -37.788376780868525
                            ],
                            [
                                174.864317770466585,
                                -37.787768401809345
                            ],
                            [
                                174.864296250467277,
                                -37.786912087955955
                            ],
                            [
                                174.864291370384819,
                                -37.786717896909153
                            ],
                            [
                                174.864290533287601,
                                -37.786684586467523
                            ],
                            [
                                174.864280284545458,
                                -37.786276755859426
                            ],
                            [
                                174.864276318879519,
                                -37.786118946965672
                            ],
                            [
                                174.864248789542501,
                                -37.785023416115187
                            ],
                            [
                                174.86451135267734,
                                -37.785019260139784
                            ],
                            [
                                174.86458522493507,
                                -37.78501809074865
                            ],
                            [
                                174.865086274123115,
                                -37.785010157962191
                            ],
                            [
                                174.865897989504958,
                                -37.784997302074146
                            ],
                            [
                                174.869697146975653,
                                -37.784937056905157
                            ],
                            [
                                174.874134484906392,
                                -37.784866536568408
                            ],
                            [
                                174.874820128705807,
                                -37.784855625065603
                            ],
                            [
                                174.875145481102749,
                                -37.784850445931184
                            ],
                            [
                                174.875152171322554,
                                -37.785115142315377
                            ],
                            [
                                174.875156448885377,
                                -37.785284380883532
                            ],
                            [
                                174.875198304601639,
                                -37.786940295908799
                            ],
                            [
                                174.875253521623193,
                                -37.789124608784689
                            ],
                            [
                                174.875272423359149,
                                -37.789872282223428
                            ],
                            [
                                174.875299443055411,
                                -37.790941019952612
                            ],
                            [
                                174.875309441484916,
                                -37.791336483705273
                            ],
                            [
                                174.87588174871226,
                                -37.791327369908061
                            ],
                            [
                                174.876455274957124,
                                -37.791318233907305
                            ],
                            [
                                174.878299341046841,
                                -37.791288839875428
                            ],
                            [
                                174.879448657596697,
                                -37.79127050539573
                            ],
                            [
                                174.880758227948093,
                                -37.791249600789961
                            ],
                            [
                                174.885219007709964,
                                -37.791178284263005
                            ],
                            [
                                174.886062497137914,
                                -37.791164780009289
                            ],
                            [
                                174.886206990961739,
                                -37.791162466058914
                            ],
                            [
                                174.886371955669688,
                                -37.797648455641195
                            ],
                            [
                                174.887760124109917,
                                -37.797626212999631
                            ],
                            [
                                174.887784002545146,
                                -37.797625830251953
                            ],
                            [
                                174.888698244374552,
                                -37.797611172216705
                            ],
                            [
                                174.891288775677879,
                                -37.797569599676095
                            ],
                            [
                                174.891821171012339,
                                -37.797561048796652
                            ],
                            [
                                174.897152451886342,
                                -37.797475289534191
                            ],
                            [
                                174.897270362761873,
                                -37.797473390084598
                            ],
                            [
                                174.897332448414431,
                                -37.799899885054785
                            ],
                            [
                                174.897436332391436,
                                -37.803959331226672
                            ],
                            [
                                174.897602355276234,
                                -37.810445264588559
                            ],
                            [
                                174.892152211392499,
                                -37.810532964030287
                            ],
                            [
                                174.888975112628174,
                                -37.810583970977689
                            ],
                            [
                                174.888511882423046,
                                -37.810591400775053
                            ],
                            [
                                174.887983245447117,
                                -37.810599877411065
                            ],
                            [
                                174.886702043899618,
                                -37.810620411487584
                            ],
                            [
                                174.881251852865319,
                                -37.810707606957102
                            ],
                            [
                                174.87686539988826,
                                -37.810777600809551
                            ],
                            [
                                174.876843460515914,
                                -37.810777950481395
                            ],
                            [
                                174.876688193517367,
                                -37.810780425024888
                            ],
                            [
                                174.876238167197897,
                                -37.810787596091821
                            ],
                            [
                                174.875801638357444,
                                -37.810794550435531
                            ],
                            [
                                174.870351400443866,
                                -37.810881241919503
                            ],
                            [
                                174.870408362436734,
                                -37.813138468540814
                            ],
                            [
                                174.870409821545337,
                                -37.813196285153154
                            ],
                            [
                                174.870414152908324,
                                -37.813367912756064
                            ],
                            [
                                174.870415925930473,
                                -37.813438167250446
                            ],
                            [
                                174.870422456668052,
                                -37.813696940053774
                            ],
                            [
                                174.870431659718406,
                                -37.814061594470992
                            ],
                            [
                                174.870463547327745,
                                -37.815325032912178
                            ],
                            [
                                174.8704804595788,
                                -37.815995091374838
                            ],
                            [
                                174.870489885889896,
                                -37.816368549400053
                            ],
                            [
                                174.870515095041867,
                                -37.817367268766262
                            ],
                            [
                                174.871345010972163,
                                -37.817354082502256
                            ],
                            [
                                174.872035918059481,
                                -37.817343100440773
                            ],
                            [
                                174.873692392785046,
                                -37.817316754032937
                            ],
                            [
                                174.875965809283485,
                                -37.817280557146127
                            ],
                            [
                                174.875971980508581,
                                -37.817524326988888
                            ],
                            [
                                174.875983563687328,
                                -37.817981866693351
                            ],
                            [
                                174.8760095025699,
                                -37.819006424137463
                            ],
                            [
                                174.876017146565573,
                                -37.819308343649112
                            ],
                            [
                                174.876027583665916,
                                -37.819720576793948
                            ],
                            [
                                174.876028993606639,
                                -37.819776264439746
                            ],
                            [
                                174.876031492403541,
                                -37.819874957655486
                            ],
                            [
                                174.876039561581621,
                                -37.820193656976002
                            ],
                            [
                                174.876040977158453,
                                -37.820249565915283
                            ],
                            [
                                174.876109656599795,
                                -37.822961909526789
                            ],
                            [
                                174.876112707559116,
                                -37.823082391987121
                            ],
                            [
                                174.876116442470305,
                                -37.823229882743888
                            ],
                            [
                                174.876119078067887,
                                -37.823333961215916
                            ],
                            [
                                174.876130032890387,
                                -37.823766556089197
                            ],
                            [
                                174.876169860884488,
                                -37.825339245041327
                            ],
                            [
                                174.876294309196197,
                                -37.830252547264138
                            ],
                            [
                                174.876332462976364,
                                -37.831758643869946
                            ],
                            [
                                174.87644659580269,
                                -37.836263293519096
                            ],
                            [
                                174.876456944335644,
                                -37.836671684612355
                            ],
                            [
                                174.876458638218793,
                                -37.83673853067026
                            ],
                            [
                                174.876415138140061,
                                -37.836739223983052
                            ],
                            [
                                174.871006494076795,
                                -37.836825302719724
                            ],
                            [
                                174.871070264203325,
                                -37.839349044653403
                            ],
                            [
                                174.871170398895259,
                                -37.843311298506471
                            ],
                            [
                                174.871334356313668,
                                -37.849797286526574
                            ],
                            [
                                174.866011868496514,
                                -37.849881775873563
                            ],
                            [
                                174.865963103407779,
                                -37.849882548859163
                            ],
                            [
                                174.865881234754966,
                                -37.849883846530815
                            ],
                            [
                                174.865876037969485,
                                -37.849677698547033
                            ],
                            [
                                174.865717754436446,
                                -37.843397838415683
                            ],
                            [
                                174.860265086667823,
                                -37.843484126031342
                            ],
                            [
                                174.854812395657291,
                                -37.843570161350016
                            ],
                            [
                                174.854710919052422,
                                -37.839519400448822
                            ],
                            [
                                174.854649921703782,
                                -37.837084105464278
                            ],
                            [
                                174.854487499873755,
                                -37.830598041822917
                            ],
                            [
                                174.853995025267665,
                                -37.830605797650406
                            ],
                            [
                                174.853787030208053,
                                -37.830609072680083
                            ],
                            [
                                174.852734263638752,
                                -37.83062564359718
                            ],
                            [
                                174.849035739478126,
                                -37.83068378501293
                            ],
                            [
                                174.849043947918659,
                                -37.831012592733508
                            ]
                        ]
                    ],
                    [
                        [
                            [
                                175.153542845329213,
                                -37.799554306184127
                            ],
                            [
                                175.148094363289005,
                                -37.799653821821465
                            ],
                            [
                                175.147906507182739,
                                -37.793168880556685
                            ],
                            [
                                175.153354513636458,
                                -37.793069388028691
                            ],
                            [
                                175.153166242343218,
                                -37.786584461917656
                            ],
                            [
                                175.158613746527664,
                                -37.786484740858064
                            ],
                            [
                                175.164061223809369,
                                -37.786384768165313
                            ],
                            [
                                175.16425044594348,
                                -37.79286964789042
                            ],
                            [
                                175.158802493245929,
                                -37.792969643805321
                            ],
                            [
                                175.158991300515993,
                                -37.799454538793015
                            ],
                            [
                                175.153542845329213,
                                -37.799554306184127
                            ]
                        ]
                    ],
                    [
                        [
                            [
                                175.168371765698794,
                                -37.747375237897685
                            ],
                            [
                                175.1685610985366,
                                -37.753860142132339
                            ],
                            [
                                175.16311602297634,
                                -37.753960250111746
                            ],
                            [
                                175.157670920491569,
                                -37.754060106753592
                            ],
                            [
                                175.152225791149874,
                                -37.754159712054054
                            ],
                            [
                                175.146780635018757,
                                -37.754259066009332
                            ],
                            [
                                175.141335452165777,
                                -37.75435816861561
                            ],
                            [
                                175.141148491889936,
                                -37.747873148681542
                            ],
                            [
                                175.140961591565855,
                                -37.741388120804913
                            ],
                            [
                                175.146405825509476,
                                -37.741289064241123
                            ],
                            [
                                175.146218510889952,
                                -37.734804051437983
                            ],
                            [
                                175.146031256333231,
                                -37.728319030689754
                            ],
                            [
                                175.151474515289522,
                                -37.728219769036933
                            ],
                            [
                                175.156917747492912,
                                -37.728120256272156
                            ],
                            [
                                175.1623609528759,
                                -37.728020492399281
                            ],
                            [
                                175.162549629603006,
                                -37.734505443763602
                            ],
                            [
                                175.167993282136678,
                                -37.734405405541835
                            ],
                            [
                                175.168182493572374,
                                -37.740890325700626
                            ],
                            [
                                175.168371765698794,
                                -37.747375237897685
                            ]
                        ]
                    ],
                    [
                        [
                            [
                                175.159538050179066,
                                -37.630745267598492
                            ],
                            [
                                175.164974136278886,
                                -37.630645600811782
                            ],
                            [
                                175.170410195560578,
                                -37.630545683797834
                            ],
                            [
                                175.175846227956839,
                                -37.630445516560478
                            ],
                            [
                                175.176035414651011,
                                -37.636930517461941
                            ],
                            [
                                175.176224662008678,
                                -37.643415510405539
                            ],
                            [
                                175.170787685962807,
                                -37.64351572424922
                            ],
                            [
                                175.170976521953236,
                                -37.65000073254339
                            ],
                            [
                                175.165539046943223,
                                -37.650100719298315
                            ],
                            [
                                175.160101545087684,
                                -37.650200455651586
                            ],
                            [
                                175.160289497199301,
                                -37.65668550244213
                            ],
                            [
                                175.165727471275574,
                                -37.656585742892091
                            ],
                            [
                                175.171165418497253,
                                -37.656485732882203
                            ],
                            [
                                175.171354375615465,
                                -37.662970725264913
                            ],
                            [
                                175.171543393328449,
                                -37.669455709690816
                            ],
                            [
                                175.166104501229825,
                                -37.669555766222587
                            ],
                            [
                                175.166293106892766,
                                -37.676040765957829
                            ],
                            [
                                175.171732471656782,
                                -37.675940686159144
                            ],
                            [
                                175.177171809471474,
                                -37.675840355729818
                            ],
                            [
                                175.177361421243347,
                                -37.682325300910719
                            ],
                            [
                                175.182801204465079,
                                -37.682224696474165
                            ],
                            [
                                175.182801204839848,
                                -37.682224696467237
                            ],
                            [
                                175.182801205212485,
                                -37.682224696460324
                            ],
                            [
                                175.188240961343354,
                                -37.682123841342623
                            ],
                            [
                                175.188431579813511,
                                -37.688608731719569
                            ],
                            [
                                175.193871782087996,
                                -37.688507602409835
                            ],
                            [
                                175.199311957125616,
                                -37.688406222368421
                            ],
                            [
                                175.199503582880311,
                                -37.694891057583305
                            ],
                            [
                                175.199503582883523,
                                -37.69489105769167
                            ],
                            [
                                175.19950358354771,
                                -37.694891057679285
                            ],
                            [
                                175.204944203681208,
                                -37.694789403294209
                            ],
                            [
                                175.210384797098101,
                                -37.694687498114597
                            ],
                            [
                                175.215825362378666,
                                -37.694585342169638
                            ],
                            [
                                175.215825363066898,
                                -37.694585342156707
                            ],
                            [
                                175.215825363069882,
                                -37.694585342257135
                            ],
                            [
                                175.216018469899154,
                                -37.701070098427685
                            ],
                            [
                                175.215482326733309,
                                -37.701080178063279
                            ],
                            [
                                175.215267712226563,
                                -37.701084212189699
                            ],
                            [
                                175.215244271945323,
                                -37.701084652774888
                            ],
                            [
                                175.215219722347655,
                                -37.701085114205874
                            ],
                            [
                                175.215013073570304,
                                -37.701088998146062
                            ],
                            [
                                175.214999499326893,
                                -37.701089253259745
                            ],
                            [
                                175.210577430733309,
                                -37.701172278134344
                            ],
                            [
                                175.210770126147736,
                                -37.707657050164585
                            ],
                            [
                                175.210962883362356,
                                -37.714141814204581
                            ],
                            [
                                175.210379898512599,
                                -37.714152750609941
                            ],
                            [
                                175.208231478961835,
                                -37.714193028608058
                            ],
                            [
                                175.205798006424573,
                                -37.71423860336607
                            ],
                            [
                                175.205520869871748,
                                -37.714243790468068
                            ],
                            [
                                175.205713215246533,
                                -37.720728570219812
                            ],
                            [
                                175.205607043131891,
                                -37.720730557535298
                            ],
                            [
                                175.204911253575517,
                                -37.720743578862333
                            ],
                            [
                                175.20396710558822,
                                -37.720761241509763
                            ],
                            [
                                175.203882266771757,
                                -37.720762828261172
                            ],
                            [
                                175.203703606357635,
                                -37.720766169570254
                            ],
                            [
                                175.203404628899875,
                                -37.720771760443725
                            ],
                            [
                                175.203301731315179,
                                -37.720773684451267
                            ],
                            [
                                175.203152943258317,
                                -37.72077646637257
                            ],
                            [
                                175.203043080037389,
                                -37.720778520387476
                            ],
                            [
                                175.200440801310663,
                                -37.720827142911695
                            ],
                            [
                                175.200270700676811,
                                -37.720830319170894
                            ],
                            [
                                175.198396129517818,
                                -37.720865306434838
                            ],
                            [
                                175.197675743106743,
                                -37.720878743892825
                            ],
                            [
                                175.197190386140562,
                                -37.720887794832421
                            ],
                            [
                                175.19688522638495,
                                -37.720893484429141
                            ],
                            [
                                175.195362786760484,
                                -37.720921857968996
                            ],
                            [
                                175.195253688145954,
                                -37.720923890472136
                            ],
                            [
                                175.195099874433481,
                                -37.720926755844204
                            ],
                            [
                                175.194828158756508,
                                -37.720931817102965
                            ],
                            [
                                175.195019618166953,
                                -37.727416636056248
                            ],
                            [
                                175.19501961816843,
                                -37.727416636105808
                            ],
                            [
                                175.19501961816843,
                                -37.727416636105808
                            ],
                            [
                                175.19501961748955,
                                -37.727416636118441
                            ],
                            [
                                175.192041536790242,
                                -37.727472075915543
                            ],
                            [
                                175.192012463991659,
                                -37.727472616762057
                            ],
                            [
                                175.19164192449,
                                -37.727479509346452
                            ],
                            [
                                175.191404712643674,
                                -37.727483921226572
                            ],
                            [
                                175.189873884222408,
                                -37.727512381463612
                            ],
                            [
                                175.189576575124192,
                                -37.727517906546943
                            ],
                            [
                                175.189524317075183,
                                -37.725743711785825
                            ],
                            [
                                175.189415794408347,
                                -37.722058797384669
                            ],
                            [
                                175.189385589552927,
                                -37.72103306401209
                            ],
                            [
                                175.18780777367607,
                                -37.721062368741663
                            ],
                            [
                                175.185491496500305,
                                -37.721105350596282
                            ],
                            [
                                175.184598765728055,
                                -37.721121904336734
                            ],
                            [
                                175.18394299313357,
                                -37.721134059894439
                            ],
                            [
                                175.182669047220429,
                                -37.72115766362316
                            ],
                            [
                                175.182548994241102,
                                -37.721159887259773
                            ],
                            [
                                175.180981028109613,
                                -37.721188918091244
                            ],
                            [
                                175.180234014384922,
                                -37.721202741678866
                            ],
                            [
                                175.179923405787605,
                                -37.721208488137208
                            ],
                            [
                                175.179923404585082,
                                -37.721208463873907
                            ],
                            [
                                175.178500369565853,
                                -37.721234804746146
                            ],
                            [
                                175.173057718917107,
                                -37.721335298563289
                            ],
                            [
                                175.172868215703772,
                                -37.714850377818671
                            ],
                            [
                                175.172678773250283,
                                -37.708365449111312
                            ],
                            [
                                175.178120476617266,
                                -37.708265001996402
                            ],
                            [
                                175.183562152319183,
                                -37.708164303974662
                            ],
                            [
                                175.183562152921752,
                                -37.708164303963507
                            ],
                            [
                                175.183371824389667,
                                -37.701679414042651
                            ],
                            [
                                175.183317934795241,
                                -37.699842903945061
                            ],
                            [
                                175.183253911013907,
                                -37.697660812028715
                            ],
                            [
                                175.183181556879134,
                                -37.695194516152497
                            ],
                            [
                                175.182962187248677,
                                -37.695198579261138
                            ],
                            [
                                175.179596090060983,
                                -37.695260874029593
                            ],
                            [
                                175.179239236790949,
                                -37.695267472504938
                            ],
                            [
                                175.179239235918857,
                                -37.695267447446618
                            ],
                            [
                                175.177740827231645,
                                -37.695295167382632
                            ],
                            [
                                175.177616011597735,
                                -37.6910290733816
                            ],
                            [
                                175.177616004479717,
                                -37.691029065008131
                            ],
                            [
                                175.177606415259078,
                                -37.690701294142066
                            ],
                            [
                                175.177551093823183,
                                -37.688810238128568
                            ],
                            [
                                175.177377936994901,
                                -37.688813436865999
                            ],
                            [
                                175.176005870281045,
                                -37.688838774145403
                            ],
                            [
                                175.17589590641586,
                                -37.688840804102149
                            ],
                            [
                                175.175895889198785,
                                -37.688840777828126
                            ],
                            [
                                175.172110810241946,
                                -37.688910615220138
                            ],
                            [
                                175.166670499693055,
                                -37.689010741564616
                            ],
                            [
                                175.161230162243839,
                                -37.689110617158185
                            ],
                            [
                                175.155789797961603,
                                -37.689210241997024
                            ],
                            [
                                175.150349406913648,
                                -37.689309616077324
                            ],
                            [
                                175.150162099220069,
                                -37.682824562776169
                            ],
                            [
                                175.144722154478302,
                                -37.682923663052158
                            ],
                            [
                                175.139282183114517,
                                -37.683022512620255
                            ],
                            [
                                175.139095881187274,
                                -37.676537405358118
                            ],
                            [
                                175.133656356139966,
                                -37.676635981292982
                            ],
                            [
                                175.133470586660451,
                                -37.670150843178654
                            ],
                            [
                                175.133284876737065,
                                -37.663665697134427
                            ],
                            [
                                175.138723456495939,
                                -37.663567167030962
                            ],
                            [
                                175.138537333691289,
                                -37.657082035967413
                            ],
                            [
                                175.138351270553613,
                                -37.650596896971507
                            ],
                            [
                                175.143788879119541,
                                -37.650498162263077
                            ],
                            [
                                175.143602403522721,
                                -37.644013038295689
                            ],
                            [
                                175.149039513414948,
                                -37.643914076188665
                            ],
                            [
                                175.148852625649937,
                                -37.637428967300849
                            ],
                            [
                                175.1486657977932,
                                -37.63094385047502
                            ],
                            [
                                175.154101937328107,
                                -37.630844684154177
                            ],
                            [
                                175.159538050179066,
                                -37.630745267598492
                            ]
                        ]
                    ],
                    [
                        [
                            [
                                175.076297095634374,
                                -37.677660168531752
                            ],
                            [
                                175.074199925309415,
                                -37.67769708573946
                            ],
                            [
                                175.073819847846181,
                                -37.677703772377704
                            ],
                            [
                                175.0739716763307,
                                -37.683155288963242
                            ],
                            [
                                175.073993942717948,
                                -37.683954656433869
                            ],
                            [
                                175.073997707701295,
                                -37.684089816904127
                            ],
                            [
                                175.07400047472953,
                                -37.684189150855687
                            ],
                            [
                                175.073676887904298,
                                -37.684194843526114
                            ],
                            [
                                175.072595985659746,
                                -37.684213852753317
                            ],
                            [
                                175.071285054069108,
                                -37.684236894072107
                            ],
                            [
                                175.069602351406274,
                                -37.684266448370572
                            ],
                            [
                                175.068560163404243,
                                -37.684284740880749
                            ],
                            [
                                175.063119826399287,
                                -37.684380080145885
                            ],
                            [
                                175.063018064951677,
                                -37.680707347612888
                            ],
                            [
                                175.062950816183275,
                                -37.678279865123933
                            ],
                            [
                                175.062940145480155,
                                -37.677894657280547
                            ],
                            [
                                175.062831936028033,
                                -37.677896550775003
                            ],
                            [
                                175.057500255858031,
                                -37.677989723675786
                            ],
                            [
                                175.057431301760431,
                                -37.675493753184696
                            ],
                            [
                                175.057418567181656,
                                -37.675032758604125
                            ],
                            [
                                175.057411530349071,
                                -37.674778019176998
                            ],
                            [
                                175.057407572195672,
                                -37.674634729184817
                            ],
                            [
                                175.057405157451655,
                                -37.674547311997749
                            ],
                            [
                                175.057321105390827,
                                -37.671504270827477
                            ],
                            [
                                175.062760522169214,
                                -37.671409226534777
                            ],
                            [
                                175.068199913352629,
                                -37.671313931594945
                            ],
                            [
                                175.073639278873856,
                                -37.671218386011674
                            ],
                            [
                                175.073467654039177,
                                -37.665052305282984
                            ],
                            [
                                175.078094127414943,
                                -37.664928601200472
                            ],
                            [
                                175.078142372388271,
                                -37.664933359230268
                            ],
                            [
                                175.078190239593084,
                                -37.664926607712694
                            ],
                            [
                                175.07890541558541,
                                -37.664916073190653
                            ],
                            [
                                175.079078618665562,
                                -37.671122589788581
                            ],
                            [
                                175.084471509652445,
                                -37.671027363724512
                            ],
                            [
                                175.084517932660475,
                                -37.671026542929354
                            ],
                            [
                                175.084601169178768,
                                -37.674000762687214
                            ],
                            [
                                175.084602536460636,
                                -37.674049614943982
                            ],
                            [
                                175.084616356551805,
                                -37.674543392821356
                            ],
                            [
                                175.084627453538161,
                                -37.674939868159008
                            ],
                            [
                                175.084642485160884,
                                -37.675476908527074
                            ],
                            [
                                175.084699447259197,
                                -37.67751188468273
                            ],
                            [
                                175.083785257817027,
                                -37.677528047255429
                            ],
                            [
                                175.083275409847687,
                                -37.67753705812104
                            ],
                            [
                                175.081334820138466,
                                -37.677571335210516
                            ],
                            [
                                175.081259951525709,
                                -37.677572656991991
                            ],
                            [
                                175.079259660455449,
                                -37.677607953877406
                            ],
                            [
                                175.078981856192115,
                                -37.677612853290967
                            ],
                            [
                                175.078797665764569,
                                -37.677616101350409
                            ],
                            [
                                175.076761503768438,
                                -37.677651988348011
                            ],
                            [
                                175.076297095634374,
                                -37.677660168531752
                            ]
                        ]
                    ],
                    [
                        [
                            [
                                175.151299635978887,
                                -37.533567325261771
                            ],
                            [
                                175.151113294521025,
                                -37.527082104533541
                            ],
                            [
                                175.150927012777316,
                                -37.520596875875896
                            ],
                            [
                                175.156355128486751,
                                -37.520497851870637
                            ],
                            [
                                175.156168437370582,
                                -37.514012638340112
                            ],
                            [
                                175.161596057425186,
                                -37.513913388204571
                            ],
                            [
                                175.16140895722549,
                                -37.507428189852014
                            ],
                            [
                                175.155981806078273,
                                -37.507527416877743
                            ],
                            [
                                175.155795234589618,
                                -37.501042187484259
                            ],
                            [
                                175.155608722884409,
                                -37.494556950160423
                            ],
                            [
                                175.155422270942381,
                                -37.488071704906957
                            ],
                            [
                                175.155235878743355,
                                -37.481586451724645
                            ],
                            [
                                175.155049546267122,
                                -37.47510119061419
                            ],
                            [
                                175.154863273493532,
                                -37.468615921576337
                            ],
                            [
                                175.149438906116416,
                                -37.468714761245323
                            ],
                            [
                                175.149253160892442,
                                -37.462229461256442
                            ],
                            [
                                175.154677060402292,
                                -37.462130644611854
                            ],
                            [
                                175.154490906973336,
                                -37.455645359721451
                            ],
                            [
                                175.154304813186542,
                                -37.449160066905932
                            ],
                            [
                                175.15972775091214,
                                -37.449061047691522
                            ],
                            [
                                175.165150662072648,
                                -37.44896177987399
                            ],
                            [
                                175.170573546601588,
                                -37.448862263457151
                            ],
                            [
                                175.170761043038482,
                                -37.455347486875731
                            ],
                            [
                                175.176184368016209,
                                -37.455247698622337
                            ],
                            [
                                175.176184368401323,
                                -37.45524769861526
                            ],
                            [
                                175.181607666990601,
                                -37.455147661705197
                            ],
                            [
                                175.181796158872629,
                                -37.461632830624957
                            ],
                            [
                                175.187219898285321,
                                -37.461532521701315
                            ],
                            [
                                175.187408918391043,
                                -37.468017659303733
                            ],
                            [
                                175.18759799907744,
                                -37.474502788955796
                            ],
                            [
                                175.187787140365032,
                                -37.480987910656765
                            ],
                            [
                                175.193212256723314,
                                -37.480887282732454
                            ],
                            [
                                175.193401926885855,
                                -37.487372373040003
                            ],
                            [
                                175.193591657840386,
                                -37.493857455390966
                            ],
                            [
                                175.193781449607428,
                                -37.500342529784575
                            ],
                            [
                                175.188354928039729,
                                -37.500443228045576
                            ],
                            [
                                175.186752806913688,
                                -37.500472910391608
                            ],
                            [
                                175.186190604551086,
                                -37.500483321105669
                            ],
                            [
                                175.18595016295086,
                                -37.500487772721641
                            ],
                            [
                                175.18476026667264,
                                -37.5005097956467
                            ],
                            [
                                175.182928379501703,
                                -37.500543677259259
                            ],
                            [
                                175.177501804060029,
                                -37.50064387742178
                            ],
                            [
                                175.177501804034137,
                                -37.500643876530425
                            ],
                            [
                                175.177332088396895,
                                -37.494801550537829
                            ],
                            [
                                175.177313417979349,
                                -37.494158732853322
                            ],
                            [
                                175.173296262143879,
                                -37.494232736890019
                            ],
                            [
                                175.173296261360974,
                                -37.494232712923328
                            ],
                            [
                                175.171887284280956,
                                -37.494258660685141
                            ],
                            [
                                175.172075201781354,
                                -37.500743828529359
                            ],
                            [
                                175.166648572732271,
                                -37.500843530578159
                            ],
                            [
                                175.166836081726643,
                                -37.507328713701966
                            ],
                            [
                                175.167023650824717,
                                -37.513813888886766
                            ],
                            [
                                175.17245121750247,
                                -37.513714140390483
                            ],
                            [
                                175.172639315764002,
                                -37.520199284405884
                            ],
                            [
                                175.172827474320002,
                                -37.526684420476862
                            ],
                            [
                                175.173015693190933,
                                -37.533169548602665
                            ],
                            [
                                175.178444639516471,
                                -37.533069481077227
                            ],
                            [
                                175.178444640621592,
                                -37.533069481056863
                            ],
                            [
                                175.178444640609257,
                                -37.53306948063301
                            ],
                            [
                                175.178275614309797,
                                -37.527260241442399
                            ],
                            [
                                175.178255952420074,
                                -37.526584376226658
                            ],
                            [
                                175.183684403646737,
                                -37.526484082689642
                            ],
                            [
                                175.189112827933315,
                                -37.526383539869641
                            ],
                            [
                                175.189302454768807,
                                -37.532868597934737
                            ],
                            [
                                175.194731321351753,
                                -37.532767782366051
                            ],
                            [
                                175.194921478426636,
                                -37.539252808999755
                            ],
                            [
                                175.195111696458298,
                                -37.54573782767082
                            ],
                            [
                                175.18968189081815,
                                -37.545838690190571
                            ],
                            [
                                175.189871700073269,
                                -37.552323724379804
                            ],
                            [
                                175.189035129741654,
                                -37.552339244319853
                            ],
                            [
                                175.187650859704576,
                                -37.552364912078616
                            ],
                            [
                                175.187168829222912,
                                -37.552373846291346
                            ],
                            [
                                175.1863142588019,
                                -37.552389680517962
                            ],
                            [
                                175.18444139763568,
                                -37.552424360869956
                            ],
                            [
                                175.184630797825037,
                                -37.558909410526589
                            ],
                            [
                                175.183901769247086,
                                -37.558922904107355
                            ],
                            [
                                175.179199998488173,
                                -37.559009820871267
                            ],
                            [
                                175.179106018641164,
                                -37.559011556268572
                            ],
                            [
                                175.175254009594369,
                                -37.559082621612383
                            ],
                            [
                                175.175254008337049,
                                -37.559082596796102
                            ],
                            [
                                175.173769172232426,
                                -37.559109981639097
                            ],
                            [
                                175.173957692984459,
                                -37.565595070027783
                            ],
                            [
                                175.168526369785354,
                                -37.565695004472396
                            ],
                            [
                                175.168714480733257,
                                -37.572180108172816
                            ],
                            [
                                175.168902651988702,
                                -37.578665203926796
                            ],
                            [
                                175.16909088357221,
                                -37.585150291733619
                            ],
                            [
                                175.169279175504158,
                                -37.591635371592488
                            ],
                            [
                                175.169467527805011,
                                -37.598120443502715
                            ],
                            [
                                175.164033825051661,
                                -37.598220244361158
                            ],
                            [
                                175.158600095525514,
                                -37.59831979528294
                            ],
                            [
                                175.158412684940203,
                                -37.591834676992406
                            ],
                            [
                                175.158225334422497,
                                -37.585349550761151
                            ],
                            [
                                175.152792519782707,
                                -37.585448805540423
                            ],
                            [
                                175.152605699882258,
                                -37.578963648274026
                            ],
                            [
                                175.147173329200854,
                                -37.579062630188176
                            ],
                            [
                                175.141740931974709,
                                -37.579161362328563
                            ],
                            [
                                175.136308508270758,
                                -37.579259844691421
                            ],
                            [
                                175.130876058155934,
                                -37.579358077272971
                            ],
                            [
                                175.1306911798996,
                                -37.572872820287166
                            ],
                            [
                                175.130506360897073,
                                -37.566387555382448
                            ],
                            [
                                175.130321601128202,
                                -37.559902282559541
                            ],
                            [
                                175.135752640328434,
                                -37.559804118543056
                            ],
                            [
                                175.135567469769313,
                                -37.553318860649924
                            ],
                            [
                                175.140998012590529,
                                -37.553220469931617
                            ],
                            [
                                175.146428528969778,
                                -37.553121829667923
                            ],
                            [
                                175.14624247807447,
                                -37.546636609714923
                            ],
                            [
                                175.140812431530833,
                                -37.546735227019205
                            ],
                            [
                                175.135382358554182,
                                -37.54683359483618
                            ],
                            [
                                175.135197306662974,
                                -37.540348321102584
                            ],
                            [
                                175.140626909945382,
                                -37.540249976183063
                            ],
                            [
                                175.14605648680373,
                                -37.540151381834242
                            ],
                            [
                                175.151486037171253,
                                -37.540052538059875
                            ],
                            [
                                175.151299635978887,
                                -37.533567325261771
                            ]
                        ]
                    ],
                    [
                        [
                            [
                                175.114883052906549,
                                -37.397962334236304
                            ],
                            [
                                175.114700758744419,
                                -37.39147681047146
                            ],
                            [
                                175.120119678699695,
                                -37.391379735434462
                            ],
                            [
                                175.11993697680731,
                                -37.384894226409855
                            ],
                            [
                                175.125355404623264,
                                -37.384796925952678
                            ],
                            [
                                175.130773806361191,
                                -37.384699377448165
                            ],
                            [
                                175.136192181954812,
                                -37.384601580900025
                            ],
                            [
                                175.136376282176883,
                                -37.391087021685351
                            ],
                            [
                                175.141795097652079,
                                -37.39098895423534
                            ],
                            [
                                175.141610531337818,
                                -37.384503536311989
                            ],
                            [
                                175.147028854443988,
                                -37.384405243687787
                            ],
                            [
                                175.15244715120707,
                                -37.384306703031136
                            ],
                            [
                                175.157865421560757,
                                -37.384207914345794
                            ],
                            [
                                175.158051386098379,
                                -37.39069326333653
                            ],
                            [
                                175.16347009603308,
                                -37.390594203533198
                            ],
                            [
                                175.163656586366699,
                                -37.397079521505333
                            ],
                            [
                                175.163843136459832,
                                -37.403564831551229
                            ],
                            [
                                175.164029746332631,
                                -37.410050133670083
                            ],
                            [
                                175.164216416005246,
                                -37.416535427861206
                            ],
                            [
                                175.164403145497886,
                                -37.423020714123766
                            ],
                            [
                                175.15898210304232,
                                -37.423119889451343
                            ],
                            [
                                175.153561034057475,
                                -37.42321881640715
                            ],
                            [
                                175.148139938609773,
                                -37.423317494987494
                            ],
                            [
                                175.148325327059581,
                                -37.429802842497132
                            ],
                            [
                                175.142903738236498,
                                -37.429901295641322
                            ],
                            [
                                175.143088718970148,
                                -37.436386658179714
                            ],
                            [
                                175.1376666366709,
                                -37.436484885772224
                            ],
                            [
                                175.132244528090183,
                                -37.436582864862331
                            ],
                            [
                                175.126822393294475,
                                -37.436680595446312
                            ],
                            [
                                175.126638813998966,
                                -37.430195164414016
                            ],
                            [
                                175.126455293517921,
                                -37.423709725479014
                            ],
                            [
                                175.126271831831417,
                                -37.417224278641996
                            ],
                            [
                                175.120851071930076,
                                -37.417321692580863
                            ],
                            [
                                175.120668135733865,
                                -37.410836215138538
                            ],
                            [
                                175.120485258143248,
                                -37.404350729799539
                            ],
                            [
                                175.115065405485552,
                                -37.40444785010979
                            ],
                            [
                                175.114883052906549,
                                -37.397962334236304
                            ]
                        ],
                        [
                            [
                                175.142718816765552,
                                -37.423415925188586
                            ],
                            [
                                175.142533954537384,
                                -37.416930546822222
                            ],
                            [
                                175.137113273201436,
                                -37.417028705758966
                            ],
                            [
                                175.137297668591259,
                                -37.423514107006689
                            ],
                            [
                                175.13748212307442,
                                -37.429999500344692
                            ],
                            [
                                175.142903738236498,
                                -37.429901295641322
                            ],
                            [
                                175.142718816765552,
                                -37.423415925188586
                            ]
                        ]
                    ],
                    [
                        [
                            [
                                174.994103782073836,
                                -37.341661344501119
                            ],
                            [
                                174.988688008354956,
                                -37.341752541724837
                            ],
                            [
                                174.983272210272759,
                                -37.34184349121599
                            ],
                            [
                                174.983101602006172,
                                -37.335357371371806
                            ],
                            [
                                174.982931048389787,
                                -37.328871243732472
                            ],
                            [
                                174.988345916342524,
                                -37.328780336667549
                            ],
                            [
                                174.993760759948429,
                                -37.328689181985503
                            ],
                            [
                                174.993932243537216,
                                -37.335175267144486
                            ],
                            [
                                174.994103782073836,
                                -37.341661344501119
                            ]
                        ]
                    ],
                    [
                        [
                            [
                                174.901541627037886,
                                -37.323718686704566
                            ],
                            [
                                174.906956387297868,
                                -37.323631514647232
                            ],
                            [
                                174.912371124210694,
                                -37.323544094979724
                            ],
                            [
                                174.917785837710227,
                                -37.323456427705338
                            ],
                            [
                                174.923200527730359,
                                -37.323368512827415
                            ],
                            [
                                174.923365912923117,
                                -37.329854877736622
                            ],
                            [
                                174.917950757964775,
                                -37.32994281312957
                            ],
                            [
                                174.91811573106574,
                                -37.336429190801702
                            ],
                            [
                                174.912700087525167,
                                -37.336516898994191
                            ],
                            [
                                174.907284420555555,
                                -37.336604359464317
                            ],
                            [
                                174.901868730223072,
                                -37.336691572208778
                            ],
                            [
                                174.901705152430452,
                                -37.330205133327553
                            ],
                            [
                                174.901541627037886,
                                -37.323718686704566
                            ]
                        ]
                    ],
                    [
                        [
                            [
                                175.080037220089991,
                                -37.314225536410341
                            ],
                            [
                                175.080216027661066,
                                -37.320711289135268
                            ],
                            [
                                175.074802047294753,
                                -37.320806383025037
                            ],
                            [
                                175.074980447456028,
                                -37.327292150078875
                            ],
                            [
                                175.069565976986041,
                                -37.327387018596781
                            ],
                            [
                                175.064151481177731,
                                -37.327481639550491
                            ],
                            [
                                175.063974010440461,
                                -37.320995828292276
                            ],
                            [
                                175.063796596546723,
                                -37.314510009185469
                            ],
                            [
                                175.063619239477333,
                                -37.308024182230831
                            ],
                            [
                                175.069032341582698,
                                -37.307929627485919
                            ],
                            [
                                175.074445418375291,
                                -37.307834825349893
                            ],
                            [
                                175.079858469789059,
                                -37.307739775826349
                            ],
                            [
                                175.080037220089991,
                                -37.314225536410341
                            ]
                        ]
                    ],
                    [
                        [
                            [
                                175.046325182264894,
                                -37.269390840715296
                            ],
                            [
                                175.051735576363512,
                                -37.269297159444591
                            ],
                            [
                                175.057145945398048,
                                -37.269203231117906
                            ],
                            [
                                175.057322498385417,
                                -37.275689127130299
                            ],
                            [
                                175.057499107934262,
                                -37.282175015302904
                            ],
                            [
                                175.052087811660471,
                                -37.282268987489843
                            ],
                            [
                                175.046676490305686,
                                -37.282362712505531
                            ],
                            [
                                175.041265143935931,
                                -37.28245619034643
                            ],
                            [
                                175.041089925493679,
                                -37.275970236550798
                            ],
                            [
                                175.040914763168047,
                                -37.269484274926477
                            ],
                            [
                                175.046325182264894,
                                -37.269390840715296
                            ]
                        ]
                    ],
                    [
                        [
                            [
                                174.937601683000736,
                                -37.251296103999422
                            ],
                            [
                                174.93744725864309,
                                -37.245267040890582
                            ],
                            [
                                174.942856286795632,
                                -37.245178384310201
                            ],
                            [
                                174.948265291234179,
                                -37.245089480835027
                            ],
                            [
                                174.948258924847693,
                                -37.244842264416903
                            ],
                            [
                                174.948098278436106,
                                -37.238603118379643
                            ],
                            [
                                174.953506796134064,
                                -37.238513988828679
                            ],
                            [
                                174.953674271892822,
                                -37.245000330468407
                            ],
                            [
                                174.959083228705794,
                                -37.24491093321376
                            ],
                            [
                                174.964492161607239,
                                -37.244821289074451
                            ],
                            [
                                174.964330534643238,
                                -37.238595969241025
                            ],
                            [
                                174.964323759951128,
                                -37.238334989238794
                            ],
                            [
                                174.969732205938584,
                                -37.238245119206667
                            ],
                            [
                                174.975140627890966,
                                -37.23815500235429
                            ],
                            [
                                174.98054902574242,
                                -37.238064638685081
                            ],
                            [
                                174.980718816184066,
                                -37.244550875382657
                            ],
                            [
                                174.980888661019151,
                                -37.251037104294916
                            ],
                            [
                                174.981058560265922,
                                -37.257523325421189
                            ],
                            [
                                174.976680279442462,
                                -37.257596529416034
                            ],
                            [
                                174.97564877320886,
                                -37.257613752411935
                            ],
                            [
                                174.975648773474973,
                                -37.257613762596876
                            ],
                            [
                                174.975818263520665,
                                -37.264099986865787
                            ],
                            [
                                174.975987808132544,
                                -37.2705862135358
                            ],
                            [
                                174.970577070055953,
                                -37.270676435653826
                            ],
                            [
                                174.967610478488723,
                                -37.270725797451519
                            ],
                            [
                                174.965166307903758,
                                -37.270766410663541
                            ],
                            [
                                174.964721400415613,
                                -37.270773797971977
                            ],
                            [
                                174.962454431488482,
                                -37.270811413065374
                            ],
                            [
                                174.962442892344853,
                                -37.270811604419563
                            ],
                            [
                                174.959755521741954,
                                -37.270856138561527
                            ],
                            [
                                174.959923729063661,
                                -37.277342398276716
                            ],
                            [
                                174.959923729639087,
                                -37.277342420465445
                            ],
                            [
                                174.959321601674958,
                                -37.27735239181478
                            ],
                            [
                                174.957983171721338,
                                -37.277374545480136
                            ],
                            [
                                174.954512455839733,
                                -37.277431922139151
                            ],
                            [
                                174.95468025378608,
                                -37.283918217162849
                            ],
                            [
                                174.95020131502045,
                                -37.283992121813249
                            ],
                            [
                                174.949268492626004,
                                -37.284007492490929
                            ],
                            [
                                174.949268492250752,
                                -37.284007492497118
                            ],
                            [
                                174.943856706887516,
                                -37.284096520594183
                            ],
                            [
                                174.938444897762366,
                                -37.284185301450648
                            ],
                            [
                                174.93816660725696,
                                -37.284189860118616
                            ],
                            [
                                174.937768838259501,
                                -37.28419637482309
                            ],
                            [
                                174.933033067427374,
                                -37.284273835022489
                            ],
                            [
                                174.933033064941299,
                                -37.284273835063146
                            ],
                            [
                                174.933033064940105,
                                -37.284273835016549
                            ],
                            [
                                174.933024489482619,
                                -37.283938687720571
                            ],
                            [
                                174.93300275211638,
                                -37.283089119815244
                            ],
                            [
                                174.932867122443838,
                                -37.277787457038457
                            ],
                            [
                                174.938278491390719,
                                -37.277698944089721
                            ],
                            [
                                174.938114492000324,
                                -37.271304367289169
                            ],
                            [
                                174.938112138318132,
                                -37.271212579013053
                            ],
                            [
                                174.938112138316995,
                                -37.27121257896821
                            ],
                            [
                                174.938112137963373,
                                -37.271212578974016
                            ],
                            [
                                174.937454738406984,
                                -37.271223343580473
                            ],
                            [
                                174.936113816671536,
                                -37.271245289212239
                            ],
                            [
                                174.936090684841702,
                                -37.271245667656231
                            ],
                            [
                                174.932701233095941,
                                -37.271301071256687
                            ],
                            [
                                174.927290304260794,
                                -37.271389316413135
                            ],
                            [
                                174.926841327671468,
                                -37.271396627511677
                            ],
                            [
                                174.925641322257491,
                                -37.271416159938639
                            ],
                            [
                                174.92187935187755,
                                -37.271477314434193
                            ],
                            [
                                174.916468376012062,
                                -37.271565065316572
                            ],
                            [
                                174.916424677043238,
                                -37.269841588215307
                            ],
                            [
                                174.91641779454676,
                                -37.269570130743766
                            ],
                            [
                                174.916303930575765,
                                -37.265078610153921
                            ],
                            [
                                174.916234018803237,
                                -37.262320348777045
                            ],
                            [
                                174.916178813122315,
                                -37.26014202710639
                            ],
                            [
                                174.91613953780984,
                                -37.258592147304064
                            ],
                            [
                                174.916139537808363,
                                -37.258592147245977
                            ],
                            [
                                174.915975197692148,
                                -37.252105676593445
                            ],
                            [
                                174.915975197692148,
                                -37.252105676593445
                            ],
                            [
                                174.915975198091047,
                                -37.252105676587007
                            ],
                            [
                                174.921384783198846,
                                -37.252017987152314
                            ],
                            [
                                174.926794345247004,
                                -37.251930050745344
                            ],
                            [
                                174.93220388377074,
                                -37.251841867375916
                            ],
                            [
                                174.937613398704258,
                                -37.25175343704737
                            ],
                            [
                                174.93761339851406,
                                -37.251753429621509
                            ],
                            [
                                174.937601683000736,
                                -37.251296103999422
                            ]
                        ]
                    ],
                    [
                        [
                            [
                                175.007074667036164,
                                -37.218150680447536
                            ],
                            [
                                175.00724660666711,
                                -37.224636834168642
                            ],
                            [
                                175.012653933232485,
                                -37.224545032558161
                            ],
                            [
                                175.018061234879013,
                                -37.224452984276517
                            ],
                            [
                                175.018061235252844,
                                -37.224452984270151
                            ],
                            [
                                175.018061235249206,
                                -37.224452984133514
                            ],
                            [
                                175.017944289759072,
                                -37.220065258135179
                            ],
                            [
                                175.017901721881628,
                                -37.218467899498982
                            ],
                            [
                                175.017893437599838,
                                -37.218157017311825
                            ],
                            [
                                175.017888370775296,
                                -37.217966873483221
                            ],
                            [
                                175.023295185774003,
                                -37.217874600074616
                            ],
                            [
                                175.028701976104401,
                                -37.217782080053041
                            ],
                            [
                                175.034108741700891,
                                -37.217689313421999
                            ],
                            [
                                175.039515482497734,
                                -37.217596300185022
                            ],
                            [
                                175.039515482680144,
                                -37.217596306957958
                            ],
                            [
                                175.039690196569097,
                                -37.224082324413033
                            ],
                            [
                                175.039864966606416,
                                -37.230568340818095
                            ],
                            [
                                175.040039792624839,
                                -37.237054349265122
                            ],
                            [
                                175.040039792628448,
                                -37.237054349399486
                            ],
                            [
                                175.04003979301109,
                                -37.237054349392892
                            ],
                            [
                                175.045447895292085,
                                -37.236961024212825
                            ],
                            [
                                175.045447896136551,
                                -37.236961024198216
                            ],
                            [
                                175.045447896138995,
                                -37.236961024288284
                            ],
                            [
                                175.045623240983645,
                                -37.243447003160661
                            ],
                            [
                                175.04186798731223,
                                -37.243511841704887
                            ],
                            [
                                175.041230089754123,
                                -37.243522843857171
                            ],
                            [
                                175.04021467465401,
                                -37.243540350156543
                            ],
                            [
                                175.040389612701915,
                                -37.250026343088471
                            ],
                            [
                                175.040564606791008,
                                -37.256512328194567
                            ],
                            [
                                175.035155089458527,
                                -37.256605471842896
                            ],
                            [
                                175.02974554727632,
                                -37.256698368539816
                            ],
                            [
                                175.024335980310269,
                                -37.256791018281824
                            ],
                            [
                                175.024509640611655,
                                -37.263277060632731
                            ],
                            [
                                175.024683356547229,
                                -37.26976309516737
                            ],
                            [
                                175.019272838116478,
                                -37.269855541105052
                            ],
                            [
                                175.019446146109232,
                                -37.276341589405213
                            ],
                            [
                                175.014035139405792,
                                -37.276433809790603
                            ],
                            [
                                175.008624108091198,
                                -37.276525783037691
                            ],
                            [
                                175.003213052231501,
                                -37.276617509143009
                            ],
                            [
                                175.003041135075563,
                                -37.270131396441094
                            ],
                            [
                                175.008451727314792,
                                -37.270039691745403
                            ],
                            [
                                175.008279401746393,
                                -37.263553592647007
                            ],
                            [
                                175.007403813338158,
                                -37.263568430893791
                            ],
                            [
                                175.007403749436634,
                                -37.263568448760466
                            ],
                            [
                                175.002869272979439,
                                -37.26364527593671
                            ],
                            [
                                175.002697465924626,
                                -37.25715914763056
                            ],
                            [
                                174.998626525941859,
                                -37.257227962896039
                            ],
                            [
                                174.997287776027179,
                                -37.257250562545465
                            ],
                            [
                                174.997287775823139,
                                -37.257250554820367
                            ],
                            [
                                174.997264922063351,
                                -37.25638527703083
                            ],
                            [
                                174.997116487179113,
                                -37.25076440509708
                            ],
                            [
                                174.991707236085176,
                                -37.250855551752558
                            ],
                            [
                                174.990547598920102,
                                -37.250875059609974
                            ],
                            [
                                174.987437419793054,
                                -37.250927324099827
                            ],
                            [
                                174.986963556066257,
                                -37.250935279886427
                            ],
                            [
                                174.98629796067658,
                                -37.250946451486328
                            ],
                            [
                                174.986282154725075,
                                -37.250344566675373
                            ],
                            [
                                174.986127652781079,
                                -37.244460243738835
                            ],
                            [
                                174.991536465137415,
                                -37.244369365227449
                            ],
                            [
                                174.991407554651261,
                                -37.239471732423112
                            ],
                            [
                                174.991385738059563,
                                -37.238642747719041
                            ],
                            [
                                174.991382311646873,
                                -37.238512548132086
                            ],
                            [
                                174.991380458510179,
                                -37.238442130802724
                            ],
                            [
                                174.991378971872024,
                                -37.238385639870884
                            ],
                            [
                                174.991368671071257,
                                -37.237994214229438
                            ],
                            [
                                174.991365748879275,
                                -37.237883170909882
                            ],
                            [
                                174.99136216887922,
                                -37.237747130045953
                            ],
                            [
                                174.991195087292368,
                                -37.231396968800581
                            ],
                            [
                                174.996602949698257,
                                -37.231305885974265
                            ],
                            [
                                174.996483010413442,
                                -37.226758545311839
                            ],
                            [
                                174.996448327214665,
                                -37.2254433862567
                            ],
                            [
                                174.99644500486221,
                                -37.225317400820003
                            ],
                            [
                                174.996441260783143,
                                -37.225175422333344
                            ],
                            [
                                174.996431880164295,
                                -37.22481969734315
                            ],
                            [
                                174.996260865412836,
                                -37.218333500918114
                            ],
                            [
                                175.001667778427191,
                                -37.218242213996277
                            ],
                            [
                                175.007074667036164,
                                -37.218150680447536
                            ]
                        ]
                    ],
                    [
                        [
                            [
                                175.125837856086548,
                                -37.20958887622244
                            ],
                            [
                                175.125837856418883,
                                -37.209588876216479
                            ],
                            [
                                175.13124370314236,
                                -37.209491693931774
                            ],
                            [
                                175.136649524224566,
                                -37.209394265157563
                            ],
                            [
                                175.13683250118666,
                                -37.215879896366673
                            ],
                            [
                                175.142238758305382,
                                -37.215782198297184
                            ],
                            [
                                175.142422256099024,
                                -37.222267798797283
                            ],
                            [
                                175.142605812668137,
                                -37.228753391403018
                            ],
                            [
                                175.142789428032529,
                                -37.235238976113678
                            ],
                            [
                                175.137381783799469,
                                -37.2353367426525
                            ],
                            [
                                175.13197411349222,
                                -37.235434262481341
                            ],
                            [
                                175.132156862328287,
                                -37.241919884900206
                            ],
                            [
                                175.12674870332782,
                                -37.242017180731068
                            ],
                            [
                                175.121340518375888,
                                -37.242114229787028
                            ],
                            [
                                175.115932307538287,
                                -37.242211032064375
                            ],
                            [
                                175.115750946782441,
                                -37.235725341671106
                            ],
                            [
                                175.110343172835712,
                                -37.235821874623205
                            ],
                            [
                                175.104935373143547,
                                -37.235918160846872
                            ],
                            [
                                175.10475499559729,
                                -37.229432417556026
                            ],
                            [
                                175.099347632805518,
                                -37.229528434623631
                            ],
                            [
                                175.099167775451434,
                                -37.223042661044076
                            ],
                            [
                                175.097997185270685,
                                -37.223063411282631
                            ],
                            [
                                175.09656572634546,
                                -37.22308877002056
                            ],
                            [
                                175.093760849495084,
                                -37.223138409070749
                            ],
                            [
                                175.093691591528568,
                                -37.220633917013338
                            ],
                            [
                                175.093589574409265,
                                -37.21694422898932
                            ],
                            [
                                175.09358628302752,
                                -37.216825177223242
                            ],
                            [
                                175.093582064294736,
                                -37.216672581441848
                            ],
                            [
                                175.093581512027868,
                                -37.216652605312639
                            ],
                            [
                                175.093581512026645,
                                -37.216652605268294
                            ],
                            [
                                175.093581512339682,
                                -37.216652605262752
                            ],
                            [
                                175.098987975690079,
                                -37.216556879600645
                            ],
                            [
                                175.098937516154848,
                                -37.214736316028421
                            ],
                            [
                                175.098933160353312,
                                -37.214579152428776
                            ],
                            [
                                175.09882088682221,
                                -37.210527738969354
                            ],
                            [
                                175.098808233502069,
                                -37.210071090294107
                            ],
                            [
                                175.104214209440784,
                                -37.209975140476203
                            ],
                            [
                                175.109620159734305,
                                -37.209878944156429
                            ],
                            [
                                175.109800826186728,
                                -37.21636468857988
                            ],
                            [
                                175.115207212888578,
                                -37.216268223234067
                            ],
                            [
                                175.120613573805173,
                                -37.216171511336164
                            ],
                            [
                                175.120592258495094,
                                -37.215410320952614
                            ],
                            [
                                175.120431983122842,
                                -37.209685812025896
                            ],
                            [
                                175.125837856086548,
                                -37.20958887622244
                            ]
                        ]
                    ],
                    [
                        [
                            [
                                175.329306370655189,
                                -37.841625709304459
                            ],
                            [
                                175.329162526289963,
                                -37.837053935260109
                            ],
                            [
                                175.329162127524029,
                                -37.837041259926316
                            ],
                            [
                                175.329102367638882,
                                -37.835141618115209
                            ],
                            [
                                175.327599279664213,
                                -37.835171349592315
                            ],
                            [
                                175.326154590030626,
                                -37.835199907832745
                            ],
                            [
                                175.323651923588102,
                                -37.83524933788518
                            ],
                            [
                                175.323597911780752,
                                -37.833528235672134
                            ],
                            [
                                175.323538561053937,
                                -37.831636837558797
                            ],
                            [
                                175.323448462194051,
                                -37.828765213599027
                            ],
                            [
                                175.323245066051527,
                                -37.822281081224332
                            ],
                            [
                                175.323231861819153,
                                -37.821860066987206
                            ],
                            [
                                175.323207984364302,
                                -37.821098716890916
                            ],
                            [
                                175.323126590262802,
                                -37.818503190163497
                            ],
                            [
                                175.323041735138304,
                                -37.815796940761871
                            ],
                            [
                                175.322842465721294,
                                -37.809440293422696
                            ],
                            [
                                175.322838469432014,
                                -37.809312792212445
                            ],
                            [
                                175.328287009613291,
                                -37.809205172429813
                            ],
                            [
                                175.328183242817971,
                                -37.80590196503141
                            ],
                            [
                                175.328161673961603,
                                -37.805215295813369
                            ],
                            [
                                175.328154583165599,
                                -37.80498954709617
                            ],
                            [
                                175.328083333505276,
                                -37.802721040780263
                            ],
                            [
                                175.327879722712026,
                                -37.79623690104102
                            ],
                            [
                                175.333327282853588,
                                -37.796129079599531
                            ],
                            [
                                175.333156349079132,
                                -37.790696659025691
                            ],
                            [
                                175.333123262080619,
                                -37.789644956807201
                            ],
                            [
                                175.338570317873405,
                                -37.789536908837327
                            ],
                            [
                                175.344017344521859,
                                -37.789428609307386
                            ],
                            [
                                175.344222315809475,
                                -37.795912681853004
                            ],
                            [
                                175.344427352846139,
                                -37.802396746296743
                            ],
                            [
                                175.349875300919791,
                                -37.80228814478474
                            ],
                            [
                                175.350080879274685,
                                -37.80877217590627
                            ],
                            [
                                175.355529273585717,
                                -37.808663297447858
                            ],
                            [
                                175.360977638519728,
                                -37.808554167266756
                            ],
                            [
                                175.366425974008877,
                                -37.808444785367158
                            ],
                            [
                                175.37187427998569,
                                -37.808335151753255
                            ],
                            [
                                175.37732255638241,
                                -37.80822526642924
                            ],
                            [
                                175.377530579028331,
                                -37.814709162447762
                            ],
                            [
                                175.382979301416071,
                                -37.81459899984366
                            ],
                            [
                                175.382979301416071,
                                -37.81459899984366
                            ],
                            [
                                175.38297930188503,
                                -37.814599014423507
                            ],
                            [
                                175.383187866577344,
                                -37.821082861973572
                            ],
                            [
                                175.383187866583114,
                                -37.821082862153126
                            ],
                            [
                                175.383187866583114,
                                -37.821082862153133
                            ],
                            [
                                175.383187864784105,
                                -37.821082862189527
                            ],
                            [
                                175.380526380615379,
                                -37.821136711570361
                            ],
                            [
                                175.379330337867231,
                                -37.821160891300387
                            ],
                            [
                                175.377738668404419,
                                -37.821193050335786
                            ],
                            [
                                175.377946824533467,
                                -37.827676930092558
                            ],
                            [
                                175.372647866419953,
                                -37.827783853687968
                            ],
                            [
                                175.372497120733271,
                                -37.827786891977134
                            ],
                            [
                                175.370618800052483,
                                -37.827824733453006
                            ],
                            [
                                175.369284629029096,
                                -37.827851594031998
                            ],
                            [
                                175.368794446347778,
                                -37.827861458973572
                            ],
                            [
                                175.368262397795235,
                                -37.827872164155302
                            ],
                            [
                                175.367047387322771,
                                -37.827896601976462
                            ],
                            [
                                175.361597624369608,
                                -37.828006060086288
                            ],
                            [
                                175.361804418926454,
                                -37.834490008122721
                            ],
                            [
                                175.360764964497463,
                                -37.834510859840357
                            ],
                            [
                                175.360386875488388,
                                -37.834518442122842
                            ],
                            [
                                175.359336321749538,
                                -37.834539503785173
                            ],
                            [
                                175.356354150362307,
                                -37.834599239692665
                            ],
                            [
                                175.356354150667954,
                                -37.834599249295962
                            ],
                            [
                                175.356560534971663,
                                -37.841083204967553
                            ],
                            [
                                175.354311795491299,
                                -37.84112820600533
                            ],
                            [
                                175.351109760691685,
                                -37.841192209880958
                            ],
                            [
                                175.351315735061178,
                                -37.847676192343791
                            ],
                            [
                                175.346219542699288,
                                -37.847777892541565
                            ],
                            [
                                175.345932703005218,
                                -37.847783610183079
                            ],
                            [
                                175.345864454960605,
                                -37.847784970484028
                            ],
                            [
                                175.345860511725164,
                                -37.847660570523651
                            ],
                            [
                                175.345856691611459,
                                -37.847540054035818
                            ],
                            [
                                175.345843813368106,
                                -37.847133767449556
                            ],
                            [
                                175.345777760136912,
                                -37.845049771933446
                            ],
                            [
                                175.345758885281612,
                                -37.844454226030493
                            ],
                            [
                                175.345694894189052,
                                -37.842435026051646
                            ],
                            [
                                175.345658957057339,
                                -37.841300962935961
                            ],
                            [
                                175.345658957052251,
                                -37.841300962775506
                            ],
                            [
                                175.345658954661701,
                                -37.841300962823098
                            ],
                            [
                                175.342305719954709,
                                -37.841367740116532
                            ],
                            [
                                175.34118378776958,
                                -37.841390061257556
                            ],
                            [
                                175.340208124121176,
                                -37.841409463647061
                            ],
                            [
                                175.334757261966189,
                                -37.841517712491424
                            ],
                            [
                                175.331315725317722,
                                -37.841585927982372
                            ],
                            [
                                175.330830420854454,
                                -37.841595539212875
                            ],
                            [
                                175.330501159843152,
                                -37.841602058934839
                            ],
                            [
                                175.329891500154389,
                                -37.841614128418705
                            ],
                            [
                                175.329306370655189,
                                -37.841625709304459
                            ]
                        ]
                    ],
                    [
                        [
                            [
                                175.388219020164996,
                                -37.808004740667712
                            ],
                            [
                                175.383523674433064,
                                -37.808099890164819
                            ],
                            [
                                175.382770803843499,
                                -37.808115129384881
                            ],
                            [
                                175.382770803131365,
                                -37.808115129399305
                            ],
                            [
                                175.382770803127613,
                                -37.808115129282271
                            ],
                            [
                                175.382719584198725,
                                -37.806522005825549
                            ],
                            [
                                175.382562371706399,
                                -37.801631250820932
                            ],
                            [
                                175.382562371706399,
                                -37.801631250820925
                            ],
                            [
                                175.388010113263618,
                                -37.801520887717423
                            ],
                            [
                                175.393457825047932,
                                -37.801410272974842
                            ],
                            [
                                175.398905506991724,
                                -37.801299406597408
                            ],
                            [
                                175.399115364815287,
                                -37.80778320811639
                            ],
                            [
                                175.399325289955186,
                                -37.814267001488034
                            ],
                            [
                                175.393876656947185,
                                -37.814377919359572
                            ],
                            [
                                175.393876656947185,
                                -37.814377919359572
                            ],
                            [
                                175.393876656670329,
                                -37.814377910790213
                            ],
                            [
                                175.393800774910545,
                                -37.812029120171701
                            ],
                            [
                                175.393783843736855,
                                -37.811505007144916
                            ],
                            [
                                175.393667207415461,
                                -37.807894100238663
                            ],
                            [
                                175.388219020164996,
                                -37.808004740667712
                            ]
                        ]
                    ],
                    [
                        [
                            [
                                175.41461492711926,
                                -37.781514076939473
                            ],
                            [
                                175.420061063692003,
                                -37.781402281973094
                            ],
                            [
                                175.420121015845012,
                                -37.781401049909263
                            ],
                            [
                                175.420393298797165,
                                -37.781395453896394
                            ],
                            [
                                175.420752418240141,
                                -37.781388072239409
                            ],
                            [
                                175.425507170116902,
                                -37.781290235568171
                            ],
                            [
                                175.425719200974299,
                                -37.787773931991694
                            ],
                            [
                                175.420272619600809,
                                -37.787886004419775
                            ],
                            [
                                175.415799984187544,
                                -37.787977847775345
                            ],
                            [
                                175.414826008069269,
                                -37.787997825350992
                            ],
                            [
                                175.414743330080995,
                                -37.785458464109986
                            ],
                            [
                                175.414729929253724,
                                -37.78504684264459
                            ],
                            [
                                175.41461492711926,
                                -37.781514076939473
                            ]
                        ]
                    ],
                    [
                        [
                            [
                                175.447291292987359,
                                -37.780839535649037
                            ],
                            [
                                175.446014384814873,
                                -37.780866065350942
                            ],
                            [
                                175.445958960325498,
                                -37.780867216564907
                            ],
                            [
                                175.441845307829226,
                                -37.780952587765128
                            ],
                            [
                                175.441817823559461,
                                -37.780117613865528
                            ],
                            [
                                175.441808991463802,
                                -37.779849286876136
                            ],
                            [
                                175.441782002992966,
                                -37.779029330765553
                            ],
                            [
                                175.441739932759333,
                                -37.777751098206494
                            ],
                            [
                                175.441631920628708,
                                -37.774468961581157
                            ],
                            [
                                175.441623068285935,
                                -37.774199944018008
                            ],
                            [
                                175.441539759101005,
                                -37.771668050146069
                            ],
                            [
                                175.441526645962426,
                                -37.771269492761775
                            ],
                            [
                                175.441418601845442,
                                -37.76798532721817
                            ],
                            [
                                175.44170609758288,
                                -37.76797936718291
                            ],
                            [
                                175.443080948538352,
                                -37.76795085562339
                            ],
                            [
                                175.443546882224268,
                                -37.767941189480332
                            ],
                            [
                                175.443961850154494,
                                -37.767932579106933
                            ],
                            [
                                175.444826613924164,
                                -37.767914630996849
                            ],
                            [
                                175.446010471831841,
                                -37.767890049806539
                            ],
                            [
                                175.446863637645009,
                                -37.767872327601388
                            ],
                            [
                                175.44728244624946,
                                -37.767863625725504
                            ],
                            [
                                175.447670670022859,
                                -37.767855558000626
                            ],
                            [
                                175.448592600283348,
                                -37.767836394125268
                            ],
                            [
                                175.449954461854674,
                                -37.767808072321237
                            ],
                            [
                                175.451078437921268,
                                -37.767784685805871
                            ],
                            [
                                175.45230864297983,
                                -37.767759076684214
                            ],
                            [
                                175.452269355254487,
                                -37.766570034303292
                            ],
                            [
                                175.452253559160823,
                                -37.766091945993495
                            ],
                            [
                                175.452237750236833,
                                -37.765613457994327
                            ],
                            [
                                175.452230040223668,
                                -37.765380095244979
                            ],
                            [
                                175.452173856417261,
                                -37.763679470772267
                            ],
                            [
                                175.452119358670416,
                                -37.762029744329972
                            ],
                            [
                                175.452094443697945,
                                -37.761275486687062
                            ],
                            [
                                175.4540616126516,
                                -37.761234515443711
                            ],
                            [
                                175.455724828788078,
                                -37.761199849129746
                            ],
                            [
                                175.455741760312293,
                                -37.761199496106144
                            ],
                            [
                                175.457538944069796,
                                -37.761162010833267
                            ],
                            [
                                175.45757491129217,
                                -37.762248436466876
                            ],
                            [
                                175.457648315483965,
                                -37.764465501065736
                            ],
                            [
                                175.457672071285032,
                                -37.765182957486537
                            ],
                            [
                                175.4576780416308,
                                -37.765363265758467
                            ],
                            [
                                175.457710777381067,
                                -37.766351877723281
                            ],
                            [
                                175.457725994450726,
                                -37.766811413129197
                            ],
                            [
                                175.457726842159758,
                                -37.76683701251465
                            ],
                            [
                                175.457736482830001,
                                -37.767128142228785
                            ],
                            [
                                175.457753617782373,
                                -37.767645574470961
                            ],
                            [
                                175.458453891087288,
                                -37.767630958769708
                            ],
                            [
                                175.458657622650378,
                                -37.767626705819296
                            ],
                            [
                                175.458686071895499,
                                -37.767626111905706
                            ],
                            [
                                175.458766652886169,
                                -37.767624429639334
                            ],
                            [
                                175.458804316656739,
                                -37.767623643324619
                            ],
                            [
                                175.459485322007964,
                                -37.767609423748532
                            ],
                            [
                                175.45968162098913,
                                -37.767605324240947
                            ],
                            [
                                175.459958323474751,
                                -37.767599545030684
                            ],
                            [
                                175.463198561985109,
                                -37.767531820966042
                            ],
                            [
                                175.463279689479293,
                                -37.769976074382832
                            ],
                            [
                                175.463403114819016,
                                -37.773694131498544
                            ],
                            [
                                175.463413779119264,
                                -37.774015349989625
                            ],
                            [
                                175.463434312020524,
                                -37.774633805353886
                            ],
                            [
                                175.46352650249537,
                                -37.777410368068139
                            ],
                            [
                                175.46353283519062,
                                -37.777601080072358
                            ],
                            [
                                175.463545966424903,
                                -37.777996527423959
                            ],
                            [
                                175.463629065278269,
                                -37.780498870816132
                            ],
                            [
                                175.462836937055869,
                                -37.780515440095613
                            ],
                            [
                                175.4611171681413,
                                -37.780551394869661
                            ],
                            [
                                175.459343190614618,
                                -37.780588456633296
                            ],
                            [
                                175.459140195392848,
                                -37.780592695884174
                            ],
                            [
                                175.45818317177941,
                                -37.780612677170197
                            ],
                            [
                                175.457981890458683,
                                -37.780616878645965
                            ],
                            [
                                175.45774447323538,
                                -37.780621833967317
                            ],
                            [
                                175.457174326373519,
                                -37.780633731993866
                            ],
                            [
                                175.456728421590327,
                                -37.780643035367554
                            ],
                            [
                                175.456602889199957,
                                -37.780645654175132
                            ],
                            [
                                175.45273724765994,
                                -37.780726232115946
                            ],
                            [
                                175.447291292987359,
                                -37.780839535649037
                            ]
                        ]
                    ],
                    [
                        [
                            [
                                175.418961380731758,
                                -37.747665756022691
                            ],
                            [
                                175.418959986164225,
                                -37.747622937009396
                            ],
                            [
                                175.41884348749042,
                                -37.74404562255026
                            ],
                            [
                                175.418793151915509,
                                -37.742499775921765
                            ],
                            [
                                175.41757846628002,
                                -37.742524710359824
                            ],
                            [
                                175.416119249716928,
                                -37.742554647828904
                            ],
                            [
                                175.413349861905488,
                                -37.742611415192762
                            ],
                            [
                                175.413201697719529,
                                -37.738050223667585
                            ],
                            [
                                175.413139254235972,
                                -37.736127609696318
                            ],
                            [
                                175.417362219719791,
                                -37.736041033156873
                            ],
                            [
                                175.41760703128881,
                                -37.73603600954096
                            ],
                            [
                                175.418582070350112,
                                -37.736015996358937
                            ],
                            [
                                175.421599137469371,
                                -37.735954018335704
                            ],
                            [
                                175.424024856388115,
                                -37.735904131990999
                            ],
                            [
                                175.424055546084958,
                                -37.735903500519029
                            ],
                            [
                                175.424529605326541,
                                -37.735893745247942
                            ],
                            [
                                175.426682469529936,
                                -37.735849419224309
                            ],
                            [
                                175.426963375725478,
                                -37.735843632651218
                            ],
                            [
                                175.428286365391699,
                                -37.7358163704966
                            ],
                            [
                                175.429467612282735,
                                -37.735792016596747
                            ],
                            [
                                175.429479776359756,
                                -37.736164043095179
                            ],
                            [
                                175.429494944433941,
                                -37.73662793430676
                            ],
                            [
                                175.429497814182042,
                                -37.736715699745716
                            ],
                            [
                                175.429500682066845,
                                -37.736803407817455
                            ],
                            [
                                175.429518388389738,
                                -37.737344909060539
                            ],
                            [
                                175.429519954889741,
                                -37.737392815636241
                            ],
                            [
                                175.429563873224481,
                                -37.738735876186389
                            ],
                            [
                                175.429679641609255,
                                -37.742275744117556
                            ],
                            [
                                175.429891738933264,
                                -37.748759463472432
                            ],
                            [
                                175.428053937417701,
                                -37.748797359517134
                            ],
                            [
                                175.427800131672768,
                                -37.748802590816283
                            ],
                            [
                                175.42736478035269,
                                -37.74881156275476
                            ],
                            [
                                175.426862276680879,
                                -37.748821916600662
                            ],
                            [
                                175.425055962291054,
                                -37.748859117122301
                            ],
                            [
                                175.424448035136123,
                                -37.748871630971415
                            ],
                            [
                                175.423418193272198,
                                -37.748892822540199
                            ],
                            [
                                175.422227724614572,
                                -37.74891730817847
                            ],
                            [
                                175.421194899954173,
                                -37.748938541630324
                            ],
                            [
                                175.42049941696925,
                                -37.748952834696183
                            ],
                            [
                                175.419534796620013,
                                -37.748972652077114
                            ],
                            [
                                175.419004301175022,
                                -37.748983547327597
                            ],
                            [
                                175.418989398395354,
                                -37.748525995341303
                            ],
                            [
                                175.418988218039289,
                                -37.748489755062771
                            ],
                            [
                                175.41898165175968,
                                -37.748288150468987
                            ],
                            [
                                175.418964195753233,
                                -37.747752188594049
                            ],
                            [
                                175.418961380731758,
                                -37.747665756022691
                            ]
                        ]
                    ],
                    [
                        [
                            [
                                175.307506765453013,
                                -37.666872870464651
                            ],
                            [
                                175.312944935260361,
                                -37.666766300320248
                            ],
                            [
                                175.313146299608121,
                                -37.673250651422791
                            ],
                            [
                                175.30770765738086,
                                -37.673357246347003
                            ],
                            [
                                175.302268986523387,
                                -37.673463590739296
                            ],
                            [
                                175.302068567025174,
                                -37.666979190135329
                            ],
                            [
                                175.307506765453013,
                                -37.666872870464651
                            ]
                        ]
                    ],
                    [
                        [
                            [
                                175.202643077600698,
                                -37.616971126812153
                            ],
                            [
                                175.202643077877127,
                                -37.616971136179004
                            ],
                            [
                                175.208078004617192,
                                -37.616869514969743
                            ],
                            [
                                175.213512904020888,
                                -37.616767643680291
                            ],
                            [
                                175.213705269324038,
                                -37.623252495815407
                            ],
                            [
                                175.219140612697856,
                                -37.623150350691489
                            ],
                            [
                                175.219333511204212,
                                -37.629635171079862
                            ],
                            [
                                175.213897696305935,
                                -37.629737339965992
                            ],
                            [
                                175.214090184987498,
                                -37.636222176131312
                            ],
                            [
                                175.213480559781971,
                                -37.636233620378789
                            ],
                            [
                                175.213041297489212,
                                -37.636241864517473
                            ],
                            [
                                175.212209488415652,
                                -37.636257471545669
                            ],
                            [
                                175.208653870982403,
                                -37.636324118533054
                            ],
                            [
                                175.203217529612999,
                                -37.63642581068023
                            ],
                            [
                                175.202033353678388,
                                -37.636447928602344
                            ],
                            [
                                175.201515941194458,
                                -37.636457589046778
                            ],
                            [
                                175.200776040366748,
                                -37.636471399553805
                            ],
                            [
                                175.199844717231258,
                                -37.636488776421636
                            ],
                            [
                                175.197781160946477,
                                -37.636527252568946
                            ],
                            [
                                175.192344765049882,
                                -37.636628444195331
                            ],
                            [
                                175.192344763557429,
                                -37.636628444223057
                            ],
                            [
                                175.190274922758761,
                                -37.636666905774007
                            ],
                            [
                                175.188811080598072,
                                -37.63669408478038
                            ],
                            [
                                175.187764750915107,
                                -37.636713500732881
                            ],
                            [
                                175.186908341990375,
                                -37.63672938555554
                            ],
                            [
                                175.186897966390802,
                                -37.636375548741725
                            ],
                            [
                                175.186827817653892,
                                -37.633983118608668
                            ],
                            [
                                175.186718211825138,
                                -37.630244431430853
                            ],
                            [
                                175.181282233400765,
                                -37.630345099103543
                            ],
                            [
                                175.177347722435741,
                                -37.630417805031435
                            ],
                            [
                                175.177240208665808,
                                -37.630419789937562
                            ],
                            [
                                175.17724020745726,
                                -37.630419766057116
                            ],
                            [
                                175.175846227956839,
                                -37.630445516560478
                            ],
                            [
                                175.175657101905642,
                                -37.623960507701895
                            ],
                            [
                                175.181092635760365,
                                -37.623860113600287
                            ],
                            [
                                175.181083252267683,
                                -37.623539107013144
                            ],
                            [
                                175.180903098893282,
                                -37.617375120136685
                            ],
                            [
                                175.180812549500729,
                                -37.614276240837761
                            ],
                            [
                                175.180713622778853,
                                -37.610890118713463
                            ],
                            [
                                175.180524207396502,
                                -37.604405109331381
                            ],
                            [
                                175.18595830040627,
                                -37.604304535288485
                            ],
                            [
                                175.191392366366216,
                                -37.60420371126613
                            ],
                            [
                                175.196826405209237,
                                -37.604102637268205
                            ],
                            [
                                175.202260416868398,
                                -37.604001313298539
                            ],
                            [
                                175.202451716705099,
                                -37.610486228726231
                            ],
                            [
                                175.202643077600698,
                                -37.616971126812153
                            ]
                        ]
                    ],
                    [
                        [
                            [
                                175.237809364607074,
                                -37.259435883080329
                            ],
                            [
                                175.237735472929074,
                                -37.259437280355144
                            ],
                            [
                                175.237311800381264,
                                -37.259445291015346
                            ],
                            [
                                175.23548184869594,
                                -37.259479873700236
                            ],
                            [
                                175.235481847756773,
                                -37.259479873717993
                            ],
                            [
                                175.230072805896128,
                                -37.25958192901183
                            ],
                            [
                                175.224663736807258,
                                -37.259683737429761
                            ],
                            [
                                175.224663736802569,
                                -37.259683737270684
                            ],
                            [
                                175.22452595199286,
                                -37.255000614896943
                            ],
                            [
                                175.224472940462562,
                                -37.253198533851531
                            ],
                            [
                                175.224282205212802,
                                -37.246713322316218
                            ],
                            [
                                175.229690348513827,
                                -37.246611561421282
                            ],
                            [
                                175.235098464604903,
                                -37.246509553765598
                            ],
                            [
                                175.240506553420261,
                                -37.246407299353017
                            ],
                            [
                                175.240698677102387,
                                -37.252892439437154
                            ],
                            [
                                175.240890862323425,
                                -37.259377571552179
                            ],
                            [
                                175.237809364607074,
                                -37.259435883080329
                            ]
                        ]
                    ],
                    [
                        [
                            [
                                175.195923823995884,
                                -37.201820896720697
                            ],
                            [
                                175.195872095141198,
                                -37.20003604608835
                            ],
                            [
                                175.195835489017099,
                                -37.198772894223879
                            ],
                            [
                                175.195735885093541,
                                -37.19533550384245
                            ],
                            [
                                175.201140465858373,
                                -37.19523516444054
                            ],
                            [
                                175.201328866445351,
                                -37.201720533939678
                            ],
                            [
                                175.195923823997646,
                                -37.20182089678169
                            ],
                            [
                                175.195923823995884,
                                -37.201820896720697
                            ]
                        ]
                    ]
                ]
            }
        }
    ]
}